model_name,accuracy,macro_f1,f1_forward,f1_left,f1_right,f1_nothing
lenet5,0.882129,0.879996,0.903704,0.934307,0.853147,0.828829
dsep_cnn,0.942966,0.943418,0.968254,0.938776,0.926471,0.940171
basic_cnn,0.912548,0.913507,0.931298,0.854962,0.909091,0.958678
shallow_cnn,0.920152,0.919141,0.918519,0.950355,0.907692,0.900000
