{
  "dsep_cnn": {
    "accuracy": 0.9581749049429658,
    "macro_f1": 0.9594611236580257,
    "f1_forward": 0.984375,
    "f1_left": 0.9552238805970149,
    "f1_right": 0.9333333333333333,
    "f1_nothing": 0.9649122807017544
  },
  "lenet5": {
    "accuracy": 0.8973384030418251,
    "macro_f1": 0.8963327458813436,
    "f1_forward": 0.9242424242424242,
    "f1_left": 0.9343065693430657,
    "f1_right": 0.8671328671328671,
    "f1_nothing": 0.8596491228070176
  },
  "resnet8": {
    "accuracy": 0.9467680608365019,
    "macro_f1": 0.9485707165836634,
    "f1_forward": 0.9421487603305785,
    "f1_left": 0.9264705882352942,
    "f1_right": 0.9342105263157895,
    "f1_nothing": 0.9914529914529915
  }
}
