{
  "basic_cnn": {
    "accuracy": 0.9125475285171103,
    "macro_f1": 0.9135070342565138,
    "f1_forward": 0.9312977099236641,
    "f1_left": 0.8549618320610687,
    "f1_right": 0.9090909090909091,
    "f1_nothing": 0.9586776859504132
  },
  "dsep_cnn": {
    "accuracy": 0.9429657794676806,
    "macro_f1": 0.9434177517160711,
    "f1_forward": 0.9682539682539683,
    "f1_left": 0.9387755102040817,
    "f1_right": 0.9264705882352942,
    "f1_nothing": 0.9401709401709402
  },
  "lenet5": {
    "accuracy": 0.8821292775665399,
    "macro_f1": 0.8799964887556128,
    "f1_forward": 0.9037037037037037,
    "f1_left": 0.9343065693430657,
    "f1_right": 0.8531468531468531,
    "f1_nothing": 0.8288288288288288
  },
  "shallow_cnn": {
    "accuracy": 0.9201520912547528,
    "macro_f1": 0.9191413590349761,
    "f1_forward": 0.9185185185185185,
    "f1_left": 0.950354609929078,
    "f1_right": 0.9076923076923077,
    "f1_nothing": 0.9
  }
}
